assembly_accession	bioproject	biosample	wgs_master	refseq_category	taxid	species_taxid	organism_name	infraspecific_name	isolate	version_status	assembly_level	release_type	genome_rep	seq_rel_date	asm_name	submitter	gbrs_paired_asm	paired_asm_comp	ftp_path	excluded_from_refseq	relation_to_type_material	asm_not_live_date	accession_minus_version	accession_minus_prefix	set	ftp_path_full	ftp_suffix	ftp_path_full_genome	ftp_path_full_gff
GCA_000008025.1	PRJNA272	SAMN02604000	NA	na	163164	163164	Wolbachia endosymbiont of Drosophila melanogaster	strain=wMel	NA	latest	Complete Genome	Major	Full	2004-02-05	ASM802v1	TIGR	GCF_000008025.1	identical	https://ftp.ncbi.nlm.nih.gov/genomes/all/GCA/000/008/025/GCA_000008025.1_ASM802v1	NA	NA	na	GCA_0000080251	0000080251	gtdb_representatives	ftp://ftp.ncbi.nlm.nih.gov/genomes/all/GCA/000/008/025/GCA_000008025.1_ASM802v1	GCA_000008025.1_ASM802v1	ftp://ftp.ncbi.nlm.nih.gov/genomes/all/GCA/000/008/025/GCA_000008025.1_ASM802v1/GCA_000008025.1_ASM802v1_genomic.fna.gz	ftp://ftp.ncbi.nlm.nih.gov/genomes/all/GCA/000/008/025/GCA_000008025.1_ASM802v1/GCA_000008025.1_ASM802v1_genomic.gff.gz
GCA_000012125.1	PRJNA13885	SAMN02603498	NA	na	315277	813	Chlamydia trachomatis A/HAR-13	strain=A/HAR-13	NA	latest	Complete Genome	Major	Full	2005-09-23	ASM1212v1	Lab of Human Bacterial Pathogenesis	GCF_000012125.1	identical	https://ftp.ncbi.nlm.nih.gov/genomes/all/GCA/000/012/125/GCA_000012125.1_ASM1212v1	NA	assembly from type material	na	GCA_0000121251	0000121251	gtdb_representatives	ftp://ftp.ncbi.nlm.nih.gov/genomes/all/GCA/000/012/125/GCA_000012125.1_ASM1212v1	GCA_000012125.1_ASM1212v1	ftp://ftp.ncbi.nlm.nih.gov/genomes/all/GCA/000/012/125/GCA_000012125.1_ASM1212v1/GCA_000012125.1_ASM1212v1_genomic.fna.gz	ftp://ftp.ncbi.nlm.nih.gov/genomes/all/GCA/000/012/125/GCA_000012125.1_ASM1212v1/GCA_000012125.1_ASM1212v1_genomic.gff.gz
GCA_000012285.1	PRJNA13935	SAMN02603173	NA	na	330779	2285	Sulfolobus acidocaldarius DSM 639	strain=DSM 639	NA	latest	Complete Genome	Major	Full	2005-07-05	ASM1228v1	Danish Archaea Centre	GCF_000012285.1	identical	https://ftp.ncbi.nlm.nih.gov/genomes/all/GCA/000/012/285/GCA_000012285.1_ASM1228v1	NA	assembly from type material	na	GCA_0000122851	0000122851	gtdb_representatives	ftp://ftp.ncbi.nlm.nih.gov/genomes/all/GCA/000/012/285/GCA_000012285.1_ASM1228v1	GCA_000012285.1_ASM1228v1	ftp://ftp.ncbi.nlm.nih.gov/genomes/all/GCA/000/012/285/GCA_000012285.1_ASM1228v1/GCA_000012285.1_ASM1228v1_genomic.fna.gz	ftp://ftp.ncbi.nlm.nih.gov/genomes/all/GCA/000/012/285/GCA_000012285.1_ASM1228v1/GCA_000012285.1_ASM1228v1_genomic.gff.gz
GCA_000020225.1	PRJNA20089	SAMN00138213	NA	na	349741	239935	Akkermansia muciniphila ATCC BAA-835	strain=ATCC BAA-835	NA	latest	Complete Genome	Major	Full	2008-05-05	ASM2022v1	US DOE Joint Genome Institute (JGI-PGF)	GCF_000020225.1	identical	https://ftp.ncbi.nlm.nih.gov/genomes/all/GCA/000/020/225/GCA_000020225.1_ASM2022v1	NA	assembly from type material	na	GCA_0000202251	0000202251	gtdb_representatives	ftp://ftp.ncbi.nlm.nih.gov/genomes/all/GCA/000/020/225/GCA_000020225.1_ASM2022v1	GCA_000020225.1_ASM2022v1	ftp://ftp.ncbi.nlm.nih.gov/genomes/all/GCA/000/020/225/GCA_000020225.1_ASM2022v1/GCA_000020225.1_ASM2022v1_genomic.fna.gz	ftp://ftp.ncbi.nlm.nih.gov/genomes/all/GCA/000/020/225/GCA_000020225.1_ASM2022v1/GCA_000020225.1_ASM2022v1_genomic.gff.gz
GCA_000154205.1	PRJNA18195	SAMN00627060	AAYH00000000.2	na	411479	820	Bacteroides uniformis ATCC 8492	strain=ATCC 8492	NA	latest	Scaffold	Major	Full	2007-07-30	ASM15420v1	Washington University Genome Sequencing Center	GCF_000154205.1	identical	https://ftp.ncbi.nlm.nih.gov/genomes/all/GCA/000/154/205/GCA_000154205.1_ASM15420v1	NA	assembly from type material	na	GCA_0001542051	0001542051	gtdb_representatives	ftp://ftp.ncbi.nlm.nih.gov/genomes/all/GCA/000/154/205/GCA_000154205.1_ASM15420v1	GCA_000154205.1_ASM15420v1	ftp://ftp.ncbi.nlm.nih.gov/genomes/all/GCA/000/154/205/GCA_000154205.1_ASM15420v1/GCA_000154205.1_ASM15420v1_genomic.fna.gz	ftp://ftp.ncbi.nlm.nih.gov/genomes/all/GCA/000/154/205/GCA_000154205.1_ASM15420v1/GCA_000154205.1_ASM15420v1_genomic.gff.gz
GCA_000196555.1	PRJDA32047	SAMD00060951	NA	na	565042	216816	Bifidobacterium longum subsp. longum JCM 1217	strain=JCM 1217	NA	latest	Complete Genome	Major	Full	2011-01-28	ASM19655v1	University of Tokyo, Graduate School of Frontier Sciences	GCF_000196555.1	identical	https://ftp.ncbi.nlm.nih.gov/genomes/all/GCA/000/196/555/GCA_000196555.1_ASM19655v1	NA	assembly from type material	na	GCA_0001965551	0001965551	gtdb_representatives	ftp://ftp.ncbi.nlm.nih.gov/genomes/all/GCA/000/196/555/GCA_000196555.1_ASM19655v1	GCA_000196555.1_ASM19655v1	ftp://ftp.ncbi.nlm.nih.gov/genomes/all/GCA/000/196/555/GCA_000196555.1_ASM19655v1/GCA_000196555.1_ASM19655v1_genomic.fna.gz	ftp://ftp.ncbi.nlm.nih.gov/genomes/all/GCA/000/196/555/GCA_000196555.1_ASM19655v1/GCA_000196555.1_ASM19655v1_genomic.gff.gz
GCA_000299235.1	PRJNA68175	SAMN02603870	NA	na	1048260	178606	Leptospirillum ferriphilum ML-04	strain=ML-04	NA	latest	Complete Genome	Major	Full	2012-09-25	ASM29923v1	State Key Lab of Microbial Technology, Shandong University, Jinan, China	GCF_000299235.1	identical	https://ftp.ncbi.nlm.nih.gov/genomes/all/GCA/000/299/235/GCA_000299235.1_ASM29923v1	NA	NA	na	GCA_0002992351	0002992351	gtdb_representatives	ftp://ftp.ncbi.nlm.nih.gov/genomes/all/GCA/000/299/235/GCA_000299235.1_ASM29923v1	GCA_000299235.1_ASM29923v1	ftp://ftp.ncbi.nlm.nih.gov/genomes/all/GCA/000/299/235/GCA_000299235.1_ASM29923v1/GCA_000299235.1_ASM29923v1_genomic.fna.gz	ftp://ftp.ncbi.nlm.nih.gov/genomes/all/GCA/000/299/235/GCA_000299235.1_ASM29923v1/GCA_000299235.1_ASM29923v1_genomic.gff.gz
GCA_000381045.1	PRJNA182443	SAMN02441334	ARLD00000000.1	na	1123391	37636	Thermus scotoductus DSM 8553	strain=DSM 8553	NA	latest	Scaffold	Major	Full	2013-04-24	ASM38104v1	DOE Joint Genome Institute	GCF_000381045.1	identical	https://ftp.ncbi.nlm.nih.gov/genomes/all/GCA/000/381/045/GCA_000381045.1_ASM38104v1	NA	assembly from type material	na	GCA_0003810451	0003810451	gtdb_representatives	ftp://ftp.ncbi.nlm.nih.gov/genomes/all/GCA/000/381/045/GCA_000381045.1_ASM38104v1	GCA_000381045.1_ASM38104v1	ftp://ftp.ncbi.nlm.nih.gov/genomes/all/GCA/000/381/045/GCA_000381045.1_ASM38104v1/GCA_000381045.1_ASM38104v1_genomic.fna.gz	ftp://ftp.ncbi.nlm.nih.gov/genomes/all/GCA/000/381/045/GCA_000381045.1_ASM38104v1/GCA_000381045.1_ASM38104v1_genomic.gff.gz
GCA_000830885.1	PRJNA230430	SAMN02444489	NA	na	1432061	61435	Dehalococcoides mccartyi CG5	strain=CG5	NA	latest	Complete Genome	Major	Full	2014-08-04	ASM83088v1	GIS/NUS	GCF_000830885.1	identical	https://ftp.ncbi.nlm.nih.gov/genomes/all/GCA/000/830/885/GCA_000830885.1_ASM83088v1	NA	NA	na	GCA_0008308851	0008308851	gtdb_representatives	ftp://ftp.ncbi.nlm.nih.gov/genomes/all/GCA/000/830/885/GCA_000830885.1_ASM83088v1	GCA_000830885.1_ASM83088v1	ftp://ftp.ncbi.nlm.nih.gov/genomes/all/GCA/000/830/885/GCA_000830885.1_ASM83088v1/GCA_000830885.1_ASM83088v1_genomic.fna.gz	ftp://ftp.ncbi.nlm.nih.gov/genomes/all/GCA/000/830/885/GCA_000830885.1_ASM83088v1/GCA_000830885.1_ASM83088v1_genomic.gff.gz
GCA_000970205.1	PRJNA230947	SAMN03074583	NA	na	213585	2209	Methanosarcina mazei S-6	strain=S-6	NA	latest	Complete Genome	Major	Full	2015-04-07	ASM97020v1	University of Illinois at Urbana-Champaign	GCF_000970205.1	identical	https://ftp.ncbi.nlm.nih.gov/genomes/all/GCA/000/970/205/GCA_000970205.1_ASM97020v1	NA	assembly from type material	na	GCA_0009702051	0009702051	gtdb_representatives	ftp://ftp.ncbi.nlm.nih.gov/genomes/all/GCA/000/970/205/GCA_000970205.1_ASM97020v1	GCA_000970205.1_ASM97020v1	ftp://ftp.ncbi.nlm.nih.gov/genomes/all/GCA/000/970/205/GCA_000970205.1_ASM97020v1/GCA_000970205.1_ASM97020v1_genomic.fna.gz	ftp://ftp.ncbi.nlm.nih.gov/genomes/all/GCA/000/970/205/GCA_000970205.1_ASM97020v1/GCA_000970205.1_ASM97020v1_genomic.gff.gz
GCA_002006445.1	PRJNA322803	SAMN05170524	LZZC00000000.1	na	1520	1520	Clostridium beijerinckii	strain=DSM 791	NA	latest	Contig	Major	Full	2017-02-23	ASM200644v1	Georg-August-University Goettingen, Genomic and Applied Microbiology, Goettingen Genomics Laboratory	GCF_002006445.1	identical	https://ftp.ncbi.nlm.nih.gov/genomes/all/GCA/002/006/445/GCA_002006445.1_ASM200644v1	NA	assembly from type material	na	GCA_0020064451	0020064451	gtdb_representatives	ftp://ftp.ncbi.nlm.nih.gov/genomes/all/GCA/002/006/445/GCA_002006445.1_ASM200644v1	GCA_002006445.1_ASM200644v1	ftp://ftp.ncbi.nlm.nih.gov/genomes/all/GCA/002/006/445/GCA_002006445.1_ASM200644v1/GCA_002006445.1_ASM200644v1_genomic.fna.gz	ftp://ftp.ncbi.nlm.nih.gov/genomes/all/GCA/002/006/445/GCA_002006445.1_ASM200644v1/GCA_002006445.1_ASM200644v1_genomic.gff.gz
GCA_004006635.1	PRJNA513186	SAMN10697414	NA	na	143388	859	Fusobacterium necrophorum subsp. necrophorum	strain=ATCC 25286	NA	latest	Complete Genome	Major	Full	2019-01-09	ASM400663v1	Virginia Tech	GCF_004006635.1	identical	https://ftp.ncbi.nlm.nih.gov/genomes/all/GCA/004/006/635/GCA_004006635.1_ASM400663v1	NA	assembly from type material	na	GCA_0040066351	0040066351	gtdb_representatives	ftp://ftp.ncbi.nlm.nih.gov/genomes/all/GCA/004/006/635/GCA_004006635.1_ASM400663v1	GCA_004006635.1_ASM400663v1	ftp://ftp.ncbi.nlm.nih.gov/genomes/all/GCA/004/006/635/GCA_004006635.1_ASM400663v1/GCA_004006635.1_ASM400663v1_genomic.fna.gz	ftp://ftp.ncbi.nlm.nih.gov/genomes/all/GCA/004/006/635/GCA_004006635.1_ASM400663v1/GCA_004006635.1_ASM400663v1_genomic.gff.gz
GCA_006742205.1	PRJDB8042	SAMD00169832	NA	na	1282	1282	Staphylococcus epidermidis	strain=NBRC 100911	NA	latest	Complete Genome	Major	Full	2019-06-11	ASM674220v1	Biological Resource Center, National Institute of Technology and Evaluation (NBRC)	GCF_006742205.1	identical	https://ftp.ncbi.nlm.nih.gov/genomes/all/GCA/006/742/205/GCA_006742205.1_ASM674220v1	NA	assembly from type material	na	GCA_0067422051	0067422051	gtdb_representatives	ftp://ftp.ncbi.nlm.nih.gov/genomes/all/GCA/006/742/205/GCA_006742205.1_ASM674220v1	GCA_006742205.1_ASM674220v1	ftp://ftp.ncbi.nlm.nih.gov/genomes/all/GCA/006/742/205/GCA_006742205.1_ASM674220v1/GCA_006742205.1_ASM674220v1_genomic.fna.gz	ftp://ftp.ncbi.nlm.nih.gov/genomes/all/GCA/006/742/205/GCA_006742205.1_ASM674220v1/GCA_006742205.1_ASM674220v1_genomic.gff.gz
GCA_900083515.1	PRJEB12276	SAMEA3719625	NA	na	1673428	1673428	Cuniculiplasma divulgatum	strain=S5(T) (=JCM 30642; =VKM B-2941)	NA	latest	Complete Genome	Major	Full	2016-12-13	ASM90008351v1	Immanuel Kant Baltic Federal University	GCF_900083515.1	identical	https://ftp.ncbi.nlm.nih.gov/genomes/all/GCA/900/083/515/GCA_900083515.1_ASM90008351v1	NA	assembly from type material	na	GCA_9000835151	9000835151	gtdb_representatives	ftp://ftp.ncbi.nlm.nih.gov/genomes/all/GCA/900/083/515/GCA_900083515.1_ASM90008351v1	GCA_900083515.1_ASM90008351v1	ftp://ftp.ncbi.nlm.nih.gov/genomes/all/GCA/900/083/515/GCA_900083515.1_ASM90008351v1/GCA_900083515.1_ASM90008351v1_genomic.fna.gz	ftp://ftp.ncbi.nlm.nih.gov/genomes/all/GCA/900/083/515/GCA_900083515.1_ASM90008351v1/GCA_900083515.1_ASM90008351v1_genomic.gff.gz
GCA_900156205.1	PRJEB18875	SAMN05421689	FTNA00000000.1	na	173	173	Leptospira interrogans	strain=ATCC 43642	NA	latest	Scaffold	Major	Full	2017-01-15	IMG-taxon 2681812812 annotated assembly	DOE - JOINT GENOME INSTITUTE	GCF_900156205.1	identical	https://ftp.ncbi.nlm.nih.gov/genomes/all/GCA/900/156/205/GCA_900156205.1_IMG-taxon_2681812812_annotated_assembly	NA	assembly from type material	na	GCA_9001562051	9001562051	gtdb_representatives	ftp://ftp.ncbi.nlm.nih.gov/genomes/all/GCA/900/156/205/GCA_900156205.1_IMG-taxon_2681812812_annotated_assembly	GCA_900156205.1_IMG-taxon_2681812812_annotated_assembly	ftp://ftp.ncbi.nlm.nih.gov/genomes/all/GCA/900/156/205/GCA_900156205.1_IMG-taxon_2681812812_annotated_assembly/GCA_900156205.1_IMG-taxon_2681812812_annotated_assembly_genomic.fna.gz	ftp://ftp.ncbi.nlm.nih.gov/genomes/all/GCA/900/156/205/GCA_900156205.1_IMG-taxon_2681812812_annotated_assembly/GCA_900156205.1_IMG-taxon_2681812812_annotated_assembly_genomic.gff.gz
GCA_900314695.1	PRJEB21624	SAMEA104666881	OMWD00000000.1	na	253161	253161	uncultured Methanobrevibacter sp.	NA	RUG031	latest	Scaffold	Major	Full	2018-03-21	Rumen uncultured genome RUG031	THE ROSLIN INSTITUTE	na	na	https://ftp.ncbi.nlm.nih.gov/genomes/all/GCA/900/314/695/GCA_900314695.1_Rumen_uncultured_genome_RUG031	derived from environmental source	NA	na	GCA_9003146951	9003146951	gtdb_representatives	ftp://ftp.ncbi.nlm.nih.gov/genomes/all/GCA/900/314/695/GCA_900314695.1_Rumen_uncultured_genome_RUG031	GCA_900314695.1_Rumen_uncultured_genome_RUG031	ftp://ftp.ncbi.nlm.nih.gov/genomes/all/GCA/900/314/695/GCA_900314695.1_Rumen_uncultured_genome_RUG031/GCA_900314695.1_Rumen_uncultured_genome_RUG031_genomic.fna.gz	ftp://ftp.ncbi.nlm.nih.gov/genomes/all/GCA/900/314/695/GCA_900314695.1_Rumen_uncultured_genome_RUG031/GCA_900314695.1_Rumen_uncultured_genome_RUG031_genomic.gff.gz
GCA_900315925.1	PRJEB21624	SAMEA104667164	ONAV00000000.1	na	1387507	1387507	uncultured Selenomonadales bacterium	NA	RUG140	latest	Contig	Major	Full	2018-03-21	Rumen uncultured genome RUG140	THE ROSLIN INSTITUTE	na	na	https://ftp.ncbi.nlm.nih.gov/genomes/all/GCA/900/315/925/GCA_900315925.1_Rumen_uncultured_genome_RUG140	derived from environmental source	NA	na	GCA_9003159251	9003159251	gtdb_representatives	ftp://ftp.ncbi.nlm.nih.gov/genomes/all/GCA/900/315/925/GCA_900315925.1_Rumen_uncultured_genome_RUG140	GCA_900315925.1_Rumen_uncultured_genome_RUG140	ftp://ftp.ncbi.nlm.nih.gov/genomes/all/GCA/900/315/925/GCA_900315925.1_Rumen_uncultured_genome_RUG140/GCA_900315925.1_Rumen_uncultured_genome_RUG140_genomic.fna.gz	ftp://ftp.ncbi.nlm.nih.gov/genomes/all/GCA/900/315/925/GCA_900315925.1_Rumen_uncultured_genome_RUG140/GCA_900315925.1_Rumen_uncultured_genome_RUG140_genomic.gff.gz
GCA_900478295.1	PRJEB6403	SAMEA3178013	NA	na	102618	210	Helicobacter pylori NCTC 11637 = CCUG 17874 = ATCC 43504	strain=NCTC 11637	NA	latest	Complete Genome	Major	Full	2018-06-18	35377_D02	SC	GCF_900478295.1	identical	https://ftp.ncbi.nlm.nih.gov/genomes/all/GCA/900/478/295/GCA_900478295.1_35377_D02	NA	assembly from type material	na	GCA_9004782951	9004782951	gtdb_representatives	ftp://ftp.ncbi.nlm.nih.gov/genomes/all/GCA/900/478/295/GCA_900478295.1_35377_D02	GCA_900478295.1_35377_D02	ftp://ftp.ncbi.nlm.nih.gov/genomes/all/GCA/900/478/295/GCA_900478295.1_35377_D02/GCA_900478295.1_35377_D02_genomic.fna.gz	ftp://ftp.ncbi.nlm.nih.gov/genomes/all/GCA/900/478/295/GCA_900478295.1_35377_D02/GCA_900478295.1_35377_D02_genomic.gff.gz
GCA_903852495.1	PRJEB38681	SAMEA6948245	CAINRC000000000.1	na	214033	214033	uncultured Geobacteraceae bacterium	NA	MJ130617A_bin-286	latest	Contig	Major	Full	2020-07-19	freshwater MAG --- MJ130617A_bin-286	BILS	na	na	https://ftp.ncbi.nlm.nih.gov/genomes/all/GCA/903/852/495/GCA_903852495.1_freshwater_MAG_---_MJ130617A_bin-286	derived from environmental source; derived from metagenome	NA	na	GCA_9038524951	9038524951	gtdb_representatives	ftp://ftp.ncbi.nlm.nih.gov/genomes/all/GCA/903/852/495/GCA_903852495.1_freshwater_MAG_---_MJ130617A_bin-286	GCA_903852495.1_freshwater_MAG_---_MJ130617A_bin-286	ftp://ftp.ncbi.nlm.nih.gov/genomes/all/GCA/903/852/495/GCA_903852495.1_freshwater_MAG_---_MJ130617A_bin-286/GCA_903852495.1_freshwater_MAG_---_MJ130617A_bin-286_genomic.fna.gz	ftp://ftp.ncbi.nlm.nih.gov/genomes/all/GCA/903/852/495/GCA_903852495.1_freshwater_MAG_---_MJ130617A_bin-286/GCA_903852495.1_freshwater_MAG_---_MJ130617A_bin-286_genomic.gff.gz
GCA_903857495.1	PRJEB38681	SAMEA6951202	CAIOFF000000000.1	na	904990	904990	uncultured Holophagaceae bacterium	NA	MJ3_bin-213	latest	Contig	Major	Full	2020-07-19	freshwater MAG --- MJ3_bin-213	BILS	na	na	https://ftp.ncbi.nlm.nih.gov/genomes/all/GCA/903/857/495/GCA_903857495.1_freshwater_MAG_---_MJ3_bin-213	derived from environmental source; derived from metagenome	NA	na	GCA_9038574951	9038574951	gtdb_representatives	ftp://ftp.ncbi.nlm.nih.gov/genomes/all/GCA/903/857/495/GCA_903857495.1_freshwater_MAG_---_MJ3_bin-213	GCA_903857495.1_freshwater_MAG_---_MJ3_bin-213	ftp://ftp.ncbi.nlm.nih.gov/genomes/all/GCA/903/857/495/GCA_903857495.1_freshwater_MAG_---_MJ3_bin-213/GCA_903857495.1_freshwater_MAG_---_MJ3_bin-213_genomic.fna.gz	ftp://ftp.ncbi.nlm.nih.gov/genomes/all/GCA/903/857/495/GCA_903857495.1_freshwater_MAG_---_MJ3_bin-213/GCA_903857495.1_freshwater_MAG_---_MJ3_bin-213_genomic.gff.gz
GCA_903861715.1	PRJEB38681	SAMEA6948051	CAIOVI000000000.1	na	77133	77133	uncultured bacterium	NA	MJ110830A_bin-153	latest	Contig	Major	Full	2020-07-17	freshwater MAG --- MJ110830A_bin-153	BILS	na	na	https://ftp.ncbi.nlm.nih.gov/genomes/all/GCA/903/861/715/GCA_903861715.1_freshwater_MAG_---_MJ110830A_bin-153	derived from environmental source; derived from metagenome	NA	na	GCA_9038617151	9038617151	gtdb_representatives	ftp://ftp.ncbi.nlm.nih.gov/genomes/all/GCA/903/861/715/GCA_903861715.1_freshwater_MAG_---_MJ110830A_bin-153	GCA_903861715.1_freshwater_MAG_---_MJ110830A_bin-153	ftp://ftp.ncbi.nlm.nih.gov/genomes/all/GCA/903/861/715/GCA_903861715.1_freshwater_MAG_---_MJ110830A_bin-153/GCA_903861715.1_freshwater_MAG_---_MJ110830A_bin-153_genomic.fna.gz	ftp://ftp.ncbi.nlm.nih.gov/genomes/all/GCA/903/861/715/GCA_903861715.1_freshwater_MAG_---_MJ110830A_bin-153/GCA_903861715.1_freshwater_MAG_---_MJ110830A_bin-153_genomic.gff.gz
GCA_903869265.1	PRJEB38681	SAMEA6945674	CAIPYE000000000.1	na	34034	34034	uncultured delta proteobacterium	NA	MJ130729A_bin-331	latest	Contig	Major	Full	2020-07-18	freshwater MAG --- MJ130729A_bin-331	BILS	na	na	https://ftp.ncbi.nlm.nih.gov/genomes/all/GCA/903/869/265/GCA_903869265.1_freshwater_MAG_---_MJ130729A_bin-331	derived from environmental source; derived from metagenome	NA	na	GCA_9038692651	9038692651	gtdb_representatives	ftp://ftp.ncbi.nlm.nih.gov/genomes/all/GCA/903/869/265/GCA_903869265.1_freshwater_MAG_---_MJ130729A_bin-331	GCA_903869265.1_freshwater_MAG_---_MJ130729A_bin-331	ftp://ftp.ncbi.nlm.nih.gov/genomes/all/GCA/903/869/265/GCA_903869265.1_freshwater_MAG_---_MJ130729A_bin-331/GCA_903869265.1_freshwater_MAG_---_MJ130729A_bin-331_genomic.fna.gz	ftp://ftp.ncbi.nlm.nih.gov/genomes/all/GCA/903/869/265/GCA_903869265.1_freshwater_MAG_---_MJ130729A_bin-331/GCA_903869265.1_freshwater_MAG_---_MJ130729A_bin-331_genomic.gff.gz
GCA_000635495.1	PRJNA239872	SAMN02671343	NA	NA	1471472	NA	Prochlorococcus sp. scB243_495K23 (cyanobacteria)	NA	NA	NA	NA	NA	NA	NA	NA	NA	NA	NA	https://ftp.ncbi.nlm.nih.gov/genomes/all/GCA/000/635/495/GCA_000635495.1_De_novo_assembly_of_single-cell_genomes/	NA	NA	NA	GCA_000635495	000635495	gtdb_representatives	ftp://ftp.ncbi.nlm.nih.gov/genomes/all/GCA/000/635/495/GCA_000635495.1_De_novo_assembly_of_single-cell_genomes/		ftp://ftp.ncbi.nlm.nih.gov/genomes/all/GCA/000/635/495/GCA_000635495.1_De_novo_assembly_of_single-cell_genomes//_genomic.fna.gz	ftp://ftp.ncbi.nlm.nih.gov/genomes/all/GCA/000/635/495/GCA_000635495.1_De_novo_assembly_of_single-cell_genomes//_genomic.gff.gz
GCA_000145825.2	PRJNA33213	SAMN02471314	NA	na	629264	317	Pseudomonas syringae Cit 7	strain=Cit 7	NA	latest	Complete Genome	Major	Full	2021-05-03	ASM14582v2	University of North Carolina at Chapel Hill	GCF_000145825.2	identical	https://ftp.ncbi.nlm.nih.gov/genomes/all/GCA/000/145/825/GCA_000145825.2_ASM14582v2	NA	NA	na	GCA_0001458252	0001458252	refseq_not_in_genbank	ftp://ftp.ncbi.nlm.nih.gov/genomes/all/GCA/000/145/825/GCA_000145825.2_ASM14582v2	GCA_000145825.2_ASM14582v2	ftp://ftp.ncbi.nlm.nih.gov/genomes/all/GCA/000/145/825/GCA_000145825.2_ASM14582v2/GCA_000145825.2_ASM14582v2_genomic.fna.gz	ftp://ftp.ncbi.nlm.nih.gov/genomes/all/GCA/000/145/825/GCA_000145825.2_ASM14582v2/GCA_000145825.2_ASM14582v2_genomic.gff.gz
GCA_000167435.2	PRJNA13286	SAMN02469731	NA	na	1314	1314	Streptococcus pyogenes	strain=M49 591	NA	latest	Complete Genome	Major	Full	2021-07-23	ASM16743v2	Department of Medical Microbiology and Hospital Hygiene, University Hospital Rostock, Germany	GCF_000167435.2	identical	https://ftp.ncbi.nlm.nih.gov/genomes/all/GCA/000/167/435/GCA_000167435.2_ASM16743v2	NA	NA	na	GCA_0001674352	0001674352	refseq_not_in_genbank	ftp://ftp.ncbi.nlm.nih.gov/genomes/all/GCA/000/167/435/GCA_000167435.2_ASM16743v2	GCA_000167435.2_ASM16743v2	ftp://ftp.ncbi.nlm.nih.gov/genomes/all/GCA/000/167/435/GCA_000167435.2_ASM16743v2/GCA_000167435.2_ASM16743v2_genomic.fna.gz	ftp://ftp.ncbi.nlm.nih.gov/genomes/all/GCA/000/167/435/GCA_000167435.2_ASM16743v2/GCA_000167435.2_ASM16743v2_genomic.gff.gz
GCA_001700755.2	PRJNA203685	SAMN02798018	JNBU00000000.2	na	1160719	33011	Cutibacterium granulosum DSM 20700	strain=DSM 20700	NA	latest	Contig	Major	Full	2021-08-17	ASM170075v2	Umea University	GCF_001700755.2	identical	https://ftp.ncbi.nlm.nih.gov/genomes/all/GCA/001/700/755/GCA_001700755.2_ASM170075v2	NA	assembly from type material	na	GCA_0017007552	0017007552	refseq_not_in_genbank	ftp://ftp.ncbi.nlm.nih.gov/genomes/all/GCA/001/700/755/GCA_001700755.2_ASM170075v2	GCA_001700755.2_ASM170075v2	ftp://ftp.ncbi.nlm.nih.gov/genomes/all/GCA/001/700/755/GCA_001700755.2_ASM170075v2/GCA_001700755.2_ASM170075v2_genomic.fna.gz	ftp://ftp.ncbi.nlm.nih.gov/genomes/all/GCA/001/700/755/GCA_001700755.2_ASM170075v2/GCA_001700755.2_ASM170075v2_genomic.gff.gz
GCA_001884725.2	PRJNA341855	SAMN05729794	MIEN00000000.2	na	336810	336810	Candidatus Sulcia muelleri	strain=Gra	NA	latest	Contig	Major	Full	2021-06-21	ASM188472v2	Cornell University	GCF_001884725.2	identical	https://ftp.ncbi.nlm.nih.gov/genomes/all/GCA/001/884/725/GCA_001884725.2_ASM188472v2	NA	NA	na	GCA_0018847252	0018847252	refseq_not_in_genbank	ftp://ftp.ncbi.nlm.nih.gov/genomes/all/GCA/001/884/725/GCA_001884725.2_ASM188472v2	GCA_001884725.2_ASM188472v2	ftp://ftp.ncbi.nlm.nih.gov/genomes/all/GCA/001/884/725/GCA_001884725.2_ASM188472v2/GCA_001884725.2_ASM188472v2_genomic.fna.gz	ftp://ftp.ncbi.nlm.nih.gov/genomes/all/GCA/001/884/725/GCA_001884725.2_ASM188472v2/GCA_001884725.2_ASM188472v2_genomic.gff.gz
GCA_002442595.2	PRJNA342676	SAMN05763278	NA	na	139	139	Borreliella burgdorferi	strain=B331	NA	latest	Complete Genome	Major	Full	2021-05-20	ASM244259v2	New York Medical College	GCF_002442595.2	identical	https://ftp.ncbi.nlm.nih.gov/genomes/all/GCA/002/442/595/GCA_002442595.2_ASM244259v2	NA	NA	na	GCA_0024425952	0024425952	refseq_not_in_genbank	ftp://ftp.ncbi.nlm.nih.gov/genomes/all/GCA/002/442/595/GCA_002442595.2_ASM244259v2	GCA_002442595.2_ASM244259v2	ftp://ftp.ncbi.nlm.nih.gov/genomes/all/GCA/002/442/595/GCA_002442595.2_ASM244259v2/GCA_002442595.2_ASM244259v2_genomic.fna.gz	ftp://ftp.ncbi.nlm.nih.gov/genomes/all/GCA/002/442/595/GCA_002442595.2_ASM244259v2/GCA_002442595.2_ASM244259v2_genomic.gff.gz
GCA_009156025.2	PRJNA556134	SAMN12340981	NA	na	28903	28903	Mycoplasmopsis bovis	strain=RM16	NA	latest	Complete Genome	Major	Full	2021-10-18	ASM915602v2	INRA	GCF_009156025.2	identical	https://ftp.ncbi.nlm.nih.gov/genomes/all/GCA/009/156/025/GCA_009156025.2_ASM915602v2	NA	NA	na	GCA_0091560252	0091560252	refseq_not_in_genbank	ftp://ftp.ncbi.nlm.nih.gov/genomes/all/GCA/009/156/025/GCA_009156025.2_ASM915602v2	GCA_009156025.2_ASM915602v2	ftp://ftp.ncbi.nlm.nih.gov/genomes/all/GCA/009/156/025/GCA_009156025.2_ASM915602v2/GCA_009156025.2_ASM915602v2_genomic.fna.gz	ftp://ftp.ncbi.nlm.nih.gov/genomes/all/GCA/009/156/025/GCA_009156025.2_ASM915602v2/GCA_009156025.2_ASM915602v2_genomic.gff.gz
GCA_013456555.2	PRJNA643686	SAMN15423708	NA	na	1710539	1710539	Natrinema sp. YPL30	strain=YPL30	NA	latest	Complete Genome	Major	Full	2021-10-19	ASM1345655v2	Jiangsu University	GCF_013456555.2	identical	https://ftp.ncbi.nlm.nih.gov/genomes/all/GCA/013/456/555/GCA_013456555.2_ASM1345655v2	NA	NA	na	GCA_0134565552	0134565552	refseq_not_in_genbank	ftp://ftp.ncbi.nlm.nih.gov/genomes/all/GCA/013/456/555/GCA_013456555.2_ASM1345655v2	GCA_013456555.2_ASM1345655v2	ftp://ftp.ncbi.nlm.nih.gov/genomes/all/GCA/013/456/555/GCA_013456555.2_ASM1345655v2/GCA_013456555.2_ASM1345655v2_genomic.fna.gz	ftp://ftp.ncbi.nlm.nih.gov/genomes/all/GCA/013/456/555/GCA_013456555.2_ASM1345655v2/GCA_013456555.2_ASM1345655v2_genomic.gff.gz
GCA_015356815.2	PRJNA491821	SAMN10089613	NA	representative genome	225148	225148	Candidatus Rhabdochlamydia porcellionis	strain=15C	NA	latest	Complete Genome	Major	Full	2021-08-17	ASM1535681v2	University of Vienna	GCF_015356815.2	identical	https://ftp.ncbi.nlm.nih.gov/genomes/all/GCA/015/356/815/GCA_015356815.2_ASM1535681v2	NA	NA	na	GCA_0153568152	0153568152	refseq_not_in_genbank	ftp://ftp.ncbi.nlm.nih.gov/genomes/all/GCA/015/356/815/GCA_015356815.2_ASM1535681v2	GCA_015356815.2_ASM1535681v2	ftp://ftp.ncbi.nlm.nih.gov/genomes/all/GCA/015/356/815/GCA_015356815.2_ASM1535681v2/GCA_015356815.2_ASM1535681v2_genomic.fna.gz	ftp://ftp.ncbi.nlm.nih.gov/genomes/all/GCA/015/356/815/GCA_015356815.2_ASM1535681v2/GCA_015356815.2_ASM1535681v2_genomic.gff.gz
GCA_018205295.1	PRJNA676053	SAMN16729904	JADRHJ000000000.1	na	859	859	Fusobacterium necrophorum	strain=DD5	NA	latest	Contig	Major	Full	2021-04-29	ASM1820529v1	University of Calgary	GCF_018205295.1	identical	https://ftp.ncbi.nlm.nih.gov/genomes/all/GCA/018/205/295/GCA_018205295.1_ASM1820529v1	NA	NA	na	GCA_0182052951	0182052951	refseq_not_in_genbank	ftp://ftp.ncbi.nlm.nih.gov/genomes/all/GCA/018/205/295/GCA_018205295.1_ASM1820529v1	GCA_018205295.1_ASM1820529v1	ftp://ftp.ncbi.nlm.nih.gov/genomes/all/GCA/018/205/295/GCA_018205295.1_ASM1820529v1/GCA_018205295.1_ASM1820529v1_genomic.fna.gz	ftp://ftp.ncbi.nlm.nih.gov/genomes/all/GCA/018/205/295/GCA_018205295.1_ASM1820529v1/GCA_018205295.1_ASM1820529v1_genomic.gff.gz
GCA_018282115.1	PRJNA629670	SAMN14786169	NA	na	2732530	2732530	Synechocystis sp. PCC 7338	strain=PCC 7338	NA	latest	Complete Genome	Major	Full	2021-05-05	ASM1828211v1	KAIST	GCF_018282115.1	identical	https://ftp.ncbi.nlm.nih.gov/genomes/all/GCA/018/282/115/GCA_018282115.1_ASM1828211v1	NA	NA	na	GCA_0182821151	0182821151	refseq_not_in_genbank	ftp://ftp.ncbi.nlm.nih.gov/genomes/all/GCA/018/282/115/GCA_018282115.1_ASM1828211v1	GCA_018282115.1_ASM1828211v1	ftp://ftp.ncbi.nlm.nih.gov/genomes/all/GCA/018/282/115/GCA_018282115.1_ASM1828211v1/GCA_018282115.1_ASM1828211v1_genomic.fna.gz	ftp://ftp.ncbi.nlm.nih.gov/genomes/all/GCA/018/282/115/GCA_018282115.1_ASM1828211v1/GCA_018282115.1_ASM1828211v1_genomic.gff.gz
GCA_018336995.1	PRJNA473888	SAMN09288164	NA	na	239935	239935	Akkermansia muciniphila	strain=EB-AMDK-41	NA	latest	Complete Genome	Major	Full	2021-05-11	ASM1833699v1	Korea Food Research Institute	GCF_018336995.1	identical	https://ftp.ncbi.nlm.nih.gov/genomes/all/GCA/018/336/995/GCA_018336995.1_ASM1833699v1	NA	NA	na	GCA_0183369951	0183369951	refseq_not_in_genbank	ftp://ftp.ncbi.nlm.nih.gov/genomes/all/GCA/018/336/995/GCA_018336995.1_ASM1833699v1	GCA_018336995.1_ASM1833699v1	ftp://ftp.ncbi.nlm.nih.gov/genomes/all/GCA/018/336/995/GCA_018336995.1_ASM1833699v1/GCA_018336995.1_ASM1833699v1_genomic.fna.gz	ftp://ftp.ncbi.nlm.nih.gov/genomes/all/GCA/018/336/995/GCA_018336995.1_ASM1833699v1/GCA_018336995.1_ASM1833699v1_genomic.gff.gz
GCA_018398935.1	PRJNA729228	SAMN19114640	NA	representative genome	1123043	1123043	Telmatocola sphagniphila	strain=SP2T	NA	latest	Complete Genome	Major	Full	2021-05-19	ASM1839893v1	Institute of Bioengineering, Research Center of Biotechnology of RAS	GCF_018398935.1	identical	https://ftp.ncbi.nlm.nih.gov/genomes/all/GCA/018/398/935/GCA_018398935.1_ASM1839893v1	NA	assembly from type material	na	GCA_0183989351	0183989351	refseq_not_in_genbank	ftp://ftp.ncbi.nlm.nih.gov/genomes/all/GCA/018/398/935/GCA_018398935.1_ASM1839893v1	GCA_018398935.1_ASM1839893v1	ftp://ftp.ncbi.nlm.nih.gov/genomes/all/GCA/018/398/935/GCA_018398935.1_ASM1839893v1/GCA_018398935.1_ASM1839893v1_genomic.fna.gz	ftp://ftp.ncbi.nlm.nih.gov/genomes/all/GCA/018/398/935/GCA_018398935.1_ASM1839893v1/GCA_018398935.1_ASM1839893v1_genomic.gff.gz
GCA_018588215.1	PRJNA302189	SAMN04267905	LNGA00000000.1	na	1755816	1755816	Thermosipho sp. 1244	strain=1244	NA	latest	Scaffold	Major	Full	2021-05-28	ASM1858821v1	University of Alberta	GCF_018588215.1	identical	https://ftp.ncbi.nlm.nih.gov/genomes/all/GCA/018/588/215/GCA_018588215.1_ASM1858821v1	NA	NA	na	GCA_0185882151	0185882151	refseq_not_in_genbank	ftp://ftp.ncbi.nlm.nih.gov/genomes/all/GCA/018/588/215/GCA_018588215.1_ASM1858821v1	GCA_018588215.1_ASM1858821v1	ftp://ftp.ncbi.nlm.nih.gov/genomes/all/GCA/018/588/215/GCA_018588215.1_ASM1858821v1/GCA_018588215.1_ASM1858821v1_genomic.fna.gz	ftp://ftp.ncbi.nlm.nih.gov/genomes/all/GCA/018/588/215/GCA_018588215.1_ASM1858821v1/GCA_018588215.1_ASM1858821v1_genomic.gff.gz
GCA_018863415.1	PRJNA662819	SAMN16095329	JAHKSN000000000.1	na	2774531	2774531	Deinococcus sp. SYSU M49105	strain=SYSU M49105	NA	latest	Contig	Major	Full	2021-06-13	ASM1886341v1	sun-yat sen university	GCF_018863415.1	identical	https://ftp.ncbi.nlm.nih.gov/genomes/all/GCA/018/863/415/GCA_018863415.1_ASM1886341v1	NA	NA	na	GCA_0188634151	0188634151	refseq_not_in_genbank	ftp://ftp.ncbi.nlm.nih.gov/genomes/all/GCA/018/863/415/GCA_018863415.1_ASM1886341v1	GCA_018863415.1_ASM1886341v1	ftp://ftp.ncbi.nlm.nih.gov/genomes/all/GCA/018/863/415/GCA_018863415.1_ASM1886341v1/GCA_018863415.1_ASM1886341v1_genomic.fna.gz	ftp://ftp.ncbi.nlm.nih.gov/genomes/all/GCA/018/863/415/GCA_018863415.1_ASM1886341v1/GCA_018863415.1_ASM1886341v1_genomic.gff.gz
GCA_019173545.1	PRJNA641260	SAMN15347190	JABXWD000000000.1	na	1455061	1455061	Candidatus Magnetobacterium casensis	strain=MYR-1_YQ	NA	latest	Contig	Major	Full	2021-07-08	ASM1917354v1	Geology and Geophysics, Chinese Academy of Sciences	GCF_019173545.1	identical	https://ftp.ncbi.nlm.nih.gov/genomes/all/GCA/019/173/545/GCA_019173545.1_ASM1917354v1	NA	NA	na	GCA_0191735451	0191735451	refseq_not_in_genbank	ftp://ftp.ncbi.nlm.nih.gov/genomes/all/GCA/019/173/545/GCA_019173545.1_ASM1917354v1	GCA_019173545.1_ASM1917354v1	ftp://ftp.ncbi.nlm.nih.gov/genomes/all/GCA/019/173/545/GCA_019173545.1_ASM1917354v1/GCA_019173545.1_ASM1917354v1_genomic.fna.gz	ftp://ftp.ncbi.nlm.nih.gov/genomes/all/GCA/019/173/545/GCA_019173545.1_ASM1917354v1/GCA_019173545.1_ASM1917354v1_genomic.gff.gz
GCA_019175305.1	PRJNA716249	SAMN18406479	NA	na	2286	2286	Saccharolobus shibatae	strain=S38A	NA	latest	Complete Genome	Major	Full	2021-07-08	ASM1917530v1	Skolkovo Institute of Science and Technology	GCF_019175305.1	identical	https://ftp.ncbi.nlm.nih.gov/genomes/all/GCA/019/175/305/GCA_019175305.1_ASM1917530v1	NA	NA	na	GCA_0191753051	0191753051	refseq_not_in_genbank	ftp://ftp.ncbi.nlm.nih.gov/genomes/all/GCA/019/175/305/GCA_019175305.1_ASM1917530v1	GCA_019175305.1_ASM1917530v1	ftp://ftp.ncbi.nlm.nih.gov/genomes/all/GCA/019/175/305/GCA_019175305.1_ASM1917530v1/GCA_019175305.1_ASM1917530v1_genomic.fna.gz	ftp://ftp.ncbi.nlm.nih.gov/genomes/all/GCA/019/175/305/GCA_019175305.1_ASM1917530v1/GCA_019175305.1_ASM1917530v1_genomic.gff.gz
GCA_019599295.1	PRJNA752628	SAMN20603429	JAIEWN000000000.1	na	2866714	2866714	Oscillochloris sp. ZM17-4	strain=ZM17-4	NA	latest	Scaffold	Major	Full	2021-08-14	ASM1959929v1	SciBear OU	GCF_019599295.1	identical	https://ftp.ncbi.nlm.nih.gov/genomes/all/GCA/019/599/295/GCA_019599295.1_ASM1959929v1	NA	NA	na	GCA_0195992951	0195992951	refseq_not_in_genbank	ftp://ftp.ncbi.nlm.nih.gov/genomes/all/GCA/019/599/295/GCA_019599295.1_ASM1959929v1	GCA_019599295.1_ASM1959929v1	ftp://ftp.ncbi.nlm.nih.gov/genomes/all/GCA/019/599/295/GCA_019599295.1_ASM1959929v1/GCA_019599295.1_ASM1959929v1_genomic.fna.gz	ftp://ftp.ncbi.nlm.nih.gov/genomes/all/GCA/019/599/295/GCA_019599295.1_ASM1959929v1/GCA_019599295.1_ASM1959929v1_genomic.gff.gz
GCA_019688735.1	PRJNA753696	SAMN20704186	JAIFYA000000000.1	na	2867247	2867247	Thermosulfurimonas sp. F29	strain=F29	NA	latest	Scaffold	Major	Full	2021-08-19	ASM1968873v1	IUEM	GCF_019688735.1	identical	https://ftp.ncbi.nlm.nih.gov/genomes/all/GCA/019/688/735/GCA_019688735.1_ASM1968873v1	NA	NA	na	GCA_0196887351	0196887351	refseq_not_in_genbank	ftp://ftp.ncbi.nlm.nih.gov/genomes/all/GCA/019/688/735/GCA_019688735.1_ASM1968873v1	GCA_019688735.1_ASM1968873v1	ftp://ftp.ncbi.nlm.nih.gov/genomes/all/GCA/019/688/735/GCA_019688735.1_ASM1968873v1/GCA_019688735.1_ASM1968873v1_genomic.fna.gz	ftp://ftp.ncbi.nlm.nih.gov/genomes/all/GCA/019/688/735/GCA_019688735.1_ASM1968873v1/GCA_019688735.1_ASM1968873v1_genomic.gff.gz
GCA_020520145.1	PRJNA769500	SAMN22138157	NA	na	936456	936456	Desulfurispirillum indicum	strain=A2	NA	latest	Complete Genome	Major	Full	2021-10-18	ASM2052014v1	Hubei Polytechnic University	GCF_020520145.1	identical	https://ftp.ncbi.nlm.nih.gov/genomes/all/GCA/020/520/145/GCA_020520145.1_ASM2052014v1	NA	NA	na	GCA_0205201451	0205201451	refseq_not_in_genbank	ftp://ftp.ncbi.nlm.nih.gov/genomes/all/GCA/020/520/145/GCA_020520145.1_ASM2052014v1	GCA_020520145.1_ASM2052014v1	ftp://ftp.ncbi.nlm.nih.gov/genomes/all/GCA/020/520/145/GCA_020520145.1_ASM2052014v1/GCA_020520145.1_ASM2052014v1_genomic.fna.gz	ftp://ftp.ncbi.nlm.nih.gov/genomes/all/GCA/020/520/145/GCA_020520145.1_ASM2052014v1/GCA_020520145.1_ASM2052014v1_genomic.gff.gz
